{
    "1": {
        "method": "addColumn",
        "params": [
            "cms_databases",
            {
                "name": "database_canonical_flag",
                "type": "TINYINT",
                "length": 1,
                "decimals": null,
                "values": null,
                "allow_null": true,
                "default": "0",
                "comment": "",
                "unsigned": true,
                "zerofill": false,
                "auto_increment": false,
                "binary": false
            }
        ]
    }
}