{
    "1": {
        "method": "addColumn",
        "params": [
            "convert_apps",
            {
                "name": "db_port",
                "type": "INT",
                "length": 10,
                "decimals": null,
                "values": null,
                "allow_null": false,
                "default": "3066",
                "comment": "",
                "unsigned": false,
                "zerofill": false,
                "auto_increment": false,
                "binary": false
            }
        ]
    }
}