{
    "Forum": {
        "type": "C",
        "class": "\\IPS\\forums\\Forum"
    },
    "InternalUrl": {
        "type": "C",
        "class": "\\IPS\\Http\\Url\\Internal"
    },
    "forums": {
        "type": "C",
        "class": "\\IPS\\forums\\modules\\admin\\forums\\forums"
    },
    "Url": {
        "type": "C",
        "class": "\\IPS\\Http\\Url"
    },
    "Parser": {
        "type": "C",
        "class": "\\IPS\\Text\\Parser"
    },
    "Post": {
        "type": "C",
        "class": "\\IPS\\forums\\Topic\\Post"
    },
    "topics": {
        "type": "S",
        "class": "\\IPS\\Theme\\class_forums_front_topics"
    },
    "Lang": {
        "type": "C",
        "class": "\\IPS\\Lang"
    },
    "Database": {
        "type": "C",
        "class": "\\IPS\\Data\\Store\\Database"
    },
    "Widget": {
        "type": "C",
        "class": "\\IPS\\Widget"
    },
    "Output": {
        "type": "C",
        "class": "\\IPS\\Output"
    },
    "FriendlyUrl": {
        "type": "C",
        "class": "\\IPS\\Http\\Url\\Friendly"
    },
    "Topic": {
        "type": "C",
        "class": "\\IPS\\forums\\Topic"
    }
}